863112134,BOB,0.01728040321
226930996,CAD,0.02876337226
200000000,RWF,0.01018420897
575351693,DEM,0.01724887882
68458093,MWK,0.02303813763
411879298,CHW,0.01142925948
200000000,FJD,0.01777919772
309375060,MYR,0.01535532583
411879298,COU,0.01121248598
575351693,BSD,0.02813182704
51579982,BOV,0.01923543477
226930996,NGN,0.02524138797
151914448,LKR,0.01373643029
863112134,LRD,0.02013771703
575351693,ZWD,0.01092947164
68458093,ATS,0.01879007777
151914448,BRL,0.01425520337
51579982,ECU,0.02193659490
200000000,CRC,0.01185587216
575351693,KWD,0.01181973001
151914448,DZD,0.01342766968
863112134,STD,0.01426210910
100000000,VND,0.01906619313
309375060,MOP,0.02741125254
788710417,GNF,0.02333454669
100000000,SDD,0.01684148974
411879298,CLP,0.02067154484
200000000,SKK,0.02664193505
411879298,UZS,0.01757978502
68458093,GMD,0.01851966335
68458093,NIO,0.01663759889
151914448,HKD,0.01887364342
411879298,AOA,0.02580029914
200000000,XOF,0.02750141612
68458093,AZN,0.02191734463
200000000,RSD,0.01352838472
788710417,ERN,0.01280317928
647645177,MGF,0.02392778540
309375060,LKR,0.01015827402
51579982,PKR,0.02944438101
151914448,MMK,0.02342839912
411879298,PGK,0.01085052933
309375060,KYD,0.01928711182
575351693,TRL,0.01644094878
309375060,QAR,0.02448895203
575351693,AED,0.02789116838
151914448,BMD,0.02271658117
68458093,EGP,0.02663063291
151914448,UZS,0.01476924724
647645177,CYP,0.01446876025
151914448,UYU,0.01173513078
411879298,LVL,0.02030221123
68458093,INR,0.02306651117
200000000,ANG,0.02645320972
411879298,KMF,0.01583193810
200000000,IEP,0.02285832369
309375060,SCR,0.01263883780
226930996,LBP,0.02144859109
863112134,SIT,0.02827591241
309375060,GIP,0.02532665767
788710417,INR,0.01817744370
226930996,MTL,0.01363360467
575351693,JMD,0.02420883091
647645177,ROL,0.02137375880
68458093,BTN,0.01854958703
100000000,MXN,0.01918394190
200000000,PYG,0.01782914923
309375060,CRC,0.01853570273
411879298,ANG,0.01506251821
309375060,ARS,0.02777400346
788710417,LUF,0.02393442405
575351693,PGK,0.01054002237
200000000,DKK,0.02087773281
226930996,AED,0.02450305874
309375060,NAD,0.02715670542
309375060,CSD,0.01112842761
100000000,MUR,0.01245870320
51579982,EGP,0.02981359453
100000000,SZL,0.01966665135
788710417,NZD,0.02770002700
647645177,MGA,0.02856418272
200000000,MGF,0.02256726538
309375060,VEF,0.02493852705
200000000,MXV,0.01537990760
309375060,MDL,0.02630306225
863112134,BYR,0.02341649626
51579982,GMD,0.02135966259
863112134,KYD,0.01877808590
411879298,BSD,0.01714568448
309375060,ALL,0.02195746436
151914448,SHP,0.01503434074
51579982,PLN,0.01973900252
788710417,FJD,0.02854041687
863112134,SHP,0.01187283081
51579982,CHE,0.02607349654
863112134,USN,0.02479188789
51579982,VEB,0.02891319227
309375060,SDD,0.01337025151
100000000,SIT,0.02697802032
863112134,VUV,0.02579748231
788710417,KES,0.01533163750
226930996,CDF,0.01169535476
68458093,XAF,0.02541485572
68458093,AOA,0.01144674796
200000000,XPF,0.01399430558
68458093,HNL,0.02434552918
68458093,KGS,0.01675149250
68458093,BND,0.01580237065
788710417,HTG,0.02395944868
788710417,AOA,0.02783351973
309375060,FJD,0.02415586462
647645177,USS,0.02298400576
788710417,UGX,0.02415665783
647645177,JOD,0.02744748684
788710417,JMD,0.01588506091
68458093,CDF,0.02438337037
863112134,BMD,0.02272861856
200000000,HRK,0.02042684169
200000000,UGX,0.02057767635
647645177,TOP,0.02645545302
575351693,MGF,0.01612912414
200000000,GBP,0.02432082522
309375060,RWF,0.01193101837
309375060,TND,0.01316725642
647645177,VND,0.02315740415
200000000,SOS,0.01801945091
575351693,SRD,0.02408581110
100000000,VEF,0.01759565747
788710417,BMD,0.02623772641
309375060,XPF,0.01304410047
51579982,SLL,0.02835742751
309375060,SBD,0.01195110564
151914448,KHR,0.02875713679
226930996,BMD,0.01715769786
647645177,CHF,0.01064409737
411879298,XPF,0.02446406574
200000000,YER,0.02315311457
309375060,AUD,0.01120206318
100000000,ECU,0.01690894184
575351693,SCR,0.01510623668
309375060,USN,0.01969681436
863112134,PHP,0.01329269174
100000000,BSD,0.02157408960
151914448,USN,0.01002875505
309375060,ETB,0.01054648985
226930996,ZAR,0.01209886417
100000000,IDR,0.02048154075
647645177,HNL,0.02688474230
151914448,MVR,0.01764957807
788710417,ISK,0.01290964666
647645177,PTE,0.01626684286
151914448,HTG,0.01986370782
411879298,MKD,0.01645085369
151914448,LTL,0.01653400672
68458093,SRD,0.02955806032
575351693,NAD,0.01430048076
68458093,MAD,0.02011795002
200000000,COU,0.02180590666
51579982,CVE,0.01435391419
788710417,SCR,0.02613149307
226930996,BTN,0.01112445431
788710417,BDT,0.02756291739
100000000,BIF,0.02025138438
575351693,COU,0.01125640683
200000000,TND,0.01853470546
51579982,MVR,0.02943952932
863112134,XPF,0.02788446600
51579982,ALL,0.02402321506
51579982,KYD,0.02021330148
68458093,RON,0.02066400959
647645177,ZMK,0.02700218068
151914448,SEK,0.02259011673
309375060,BAM,0.01943625554
575351693,QAR,0.01427030100
51579982,TMM,0.02905535130
788710417,KHR,0.02182762000
100000000,BGN,0.02500963352
788710417,BEF,0.02673411866
575351693,KES,0.02797805143
151914448,ISK,0.02170947810
200000000,ARS,0.01300541142
863112134,SOS,0.02001505848
200000000,SDD,0.02404104974
68458093,TJS,0.01080122342
226930996,AWG,0.02660320365
226930996,VND,0.01033417887
863112134,GNF,0.02622097498
647645177,AOA,0.02049022468
151914448,EGP,0.01828041265
309375060,BND,0.01773919094
411879298,BND,0.02847033340
863112134,JPY,0.02601133816
863112134,CYP,0.01572226417
863112134,MXN,0.01060702121
788710417,GWP,0.01458991469
68458093,USD,0.01510739007
309375060,BYR,0.01932708809
575351693,BGN,0.01370620186
309375060,JOD,0.02509653574
68458093,KMF,0.01432388029
68458093,KZT,0.01506112411
226930996,KGS,0.01728916380
200000000,DEM,0.01754546632
309375060,SGD,0.01647245089
151914448,HUF,0.01167102605
151914448,TWD,0.02790719749
226930996,PKR,0.02920829911
100000000,BDT,0.01070782314
100000000,XCD,0.02589115159
200000000,MNT,0.01923847317
309375060,AMD,0.02782342358
100000000,DDM,0.01894806169
863112134,CNY,0.02328662975
51579982,UYU,0.01319218879
200000000,BMD,0.01232767541
647645177,ARS,0.02902817793
411879298,SCR,0.01575210072
68458093,MGA,0.02789956738
68458093,AED,0.02104413458
68458093,GTQ,0.02601224962
100000000,MTL,0.01943993419
100000000,CLF,0.02992506680
647645177,KES,0.01974245679
788710417,USS,0.01849937402
647645177,MAD,0.02902063516
151914448,NLG,0.02312884201
309375060,GBP,0.01630452329
411879298,HUF,0.01654394953
647645177,MOP,0.02568205427
309375060,AZN,0.01608414233
151914448,CNY,0.02241960709
200000000,FRF,0.02197091451
788710417,PAB,0.02715292344
200000000,MRO,0.01380098566
51579982,BRL,0.01579965255
788710417,KYD,0.02040174903
100000000,BEF,0.02829014681
863112134,BZD,0.01773011216
863112134,MNT,0.02884667575
200000000,GTQ,0.01721718363
151914448,TMM,0.01039818255
788710417,RUB,0.01061886838
68458093,MZM,0.02152070272
575351693,TJS,0.01696772651
647645177,JMD,0.01645275369
151914448,SLL,0.02976333512
309375060,JPY,0.02734805930
863112134,HTG,0.02740327756
309375060,UZS,0.01778004148
309375060,OMR,0.01354867099
863112134,PLN,0.01207624226
151914448,ARS,0.01532824384
100000000,NZD,0.01549640673
100000000,BZD,0.02189228651
200000000,BWP,0.01442299917
863112134,ILS,0.01189873707
68458093,MYR,0.02714260636
100000000,NIO,0.02130213786
309375060,SAR,0.02768366314
647645177,XPF,0.01976358679
68458093,NPR,0.02545036751
151914448,PTE,0.02973507211
309375060,PGK,0.02965217620
309375060,GYD,0.01361105542
309375060,PAB,0.02205809254
226930996,CVE,0.01528781889
788710417,TTD,0.01637765935
411879298,ZAR,0.02921830920
200000000,ZAR,0.02424637512
226930996,MKD,0.01597587333
151914448,ERN,0.02271978589
309375060,CVE,0.02401083495
411879298,ARS,0.01739290840
51579982,MUR,0.01545318421
863112134,MZM,0.01948261689
411879298,BZD,0.02442417258
200000000,PKR,0.01985028169
226930996,NAD,0.01149819718
226930996,IQD,0.02309797026
788710417,PGK,0.01202047165
863112134,AMD,0.02032905896
51579982,ADP,0.01043948192
151914448,GBP,0.01939580149
575351693,KPW,0.02134754358
68458093,CHW,0.02062244428
647645177,CVE,0.01141680953
51579982,ROL,0.02794047320
51579982,VUV,0.02793823855
309375060,VUV,0.02863774635
575351693,SZL,0.02947121388
151914448,TND,0.01772820533
68458093,ZMK,0.01463313031
411879298,LAK,0.01820375367
647645177,AWG,0.02593022465
151914448,AFN,0.02873240118
411879298,MGF,0.01856964470
309375060,NPR,0.01300204622
51579982,LTL,0.02840210799
151914448,AZN,0.01684994153
68458093,DZD,0.01971593410
200000000,BEF,0.02222417276
68458093,LUF,0.01091562646
68458093,VEF,0.02224296619
226930996,MZM,0.01473794467
51579982,ERN,0.01518552604
309375060,CDF,0.02733945714
575351693,BOV,0.02288704738
863112134,KZT,0.02727328670
411879298,MZN,0.01113065964
100000000,BOB,0.02818809619
863112134,RON,0.01632807532
575351693,VEB,0.01734567358
226930996,ADP,0.01884369082
309375060,MGF,0.02226870385
151914448,COP,0.01321658565
68458093,CNY,0.02868884976
51579982,EUR,0.02843134883
647645177,BMD,0.01034602169
200000000,MMK,0.02612965466
863112134,DJF,0.01315908197
200000000,AOA,0.01477512140
575351693,MYR,0.01810014294
411879298,MNT,0.01650690756
863112134,CRC,0.01620045475
647645177,SRD,0.01865287033
309375060,PKR,0.01012456367
100000000,MYR,0.02121857461
226930996,MGF,0.01648734733
100000000,ZAR,0.02740918863
863112134,UGX,0.01555962080
863112134,SVC,0.01834995741
863112134,UZS,0.02640365375
226930996,CNY,0.02230767513
151914448,CZK,0.01917905250
863112134,RUB,0.02922805145
226930996,MRO,0.01792843363
100000000,MAD,0.01432721377
100000000,DOP,0.02934509942
647645177,TZS,0.01053249476
788710417,ARS,0.02078286028
226930996,YER,0.01416824858
100000000,EUR,0.02622019431
309375060,SHP,0.02652440768
200000000,NZD,0.02635347984
151914448,MGA,0.01561395028
575351693,KGS,0.01997097019
309375060,BWP,0.02699310527
200000000,BND,0.02194194903
788710417,BIF,0.01414508102
51579982,TTD,0.02942295508
411879298,FKP,0.01146205578
100000000,LTL,0.01530158419
411879298,LRD,0.01483626343
575351693,KMF,0.02672198123
309375060,JMD,0.01451188100
51579982,MGA,0.02920619798
226930996,ZMK,0.02506527449
309375060,MXV,0.02303100405
68458093,QAR,0.02076958848
51579982,PHP,0.02995686962
411879298,BGN,0.01844588271
200000000,PTE,0.01413866194
575351693,ITL,0.01117963758
411879298,ECU,0.02226744093
100000000,OMR,0.01664865919
309375060,GRD,0.02307858811
51579982,AUD,0.01461384560
151914448,CLP,0.01587969328
863112134,SYP,0.02540309981
788710417,BGN,0.02945611767
647645177,ATS,0.01069354945
51579982,SCR,0.02654430845
309375060,KWD,0.01997829384
51579982,MXN,0.02215171262
863112134,EUR,0.02088883687
100000000,LYD,0.01566388625
200000000,SZL,0.02381829232
151914448,FKP,0.01341806489
309375060,MZM,0.01552607830
647645177,GYD,0.01892943092
309375060,XCD,0.02176222721
863112134,MAD,0.02811050385
200000000,CHE,0.01427639002
68458093,CYP,0.02469189150
309375060,MMK,0.01640814041
68458093,RUB,0.01188798939
51579982,PEN,0.02701406276
309375060,BRL,0.01759548197
200000000,GHC,0.01268339264
309375060,NGN,0.02669462750
575351693,KRW,0.01062540619
226930996,AUD,0.02215967809
647645177,VEF,0.02156341826
226930996,SZL,0.02067929700
863112134,ESP,0.02541485345
51579982,ILS,0.02453193132
226930996,THB,0.02913451396
226930996,BGN,0.01293364119
788710417,GIP,0.02219658979
100000000,CHE,0.01854330498
151914448,XPF,0.02182523340
411879298,SHP,0.02102633077
151914448,HRK,0.01797636119
788710417,FKP,0.01448438834
411879298,SIT,0.01263489462
151914448,DEM,0.02128415011
788710417,MZN,0.02431953595
151914448,TOP,0.02567900965
68458093,DDM,0.01656658479
863112134,DDM,0.02811813786
788710417,GYD,0.01806789750
411879298,CAD,0.02896840722
309375060,GNF,0.01622597006
51579982,MAD,0.02941564598
51579982,BND,0.02900904263
151914448,VUV,0.02062870024
226930996,RSD,0.02067612420
863112134,ZWD,0.02011685126
51579982,GNF,0.02341868145
647645177,DKK,0.01902962995
68458093,PTE,0.01214248836
200000000,GEL,0.01556690519
226930996,SYP,0.02608752861
309375060,NIO,0.01950271910
151914448,JPY,0.01604098274
200000000,ATS,0.02008256677
100000000,NOK,0.02651088676
200000000,AZM,0.02542214235
200000000,CHW,0.02005620683
309375060,DJF,0.01439481390
788710417,ZWD,0.01736043093
226930996,HTG,0.02241175897
51579982,COU,0.02762555054
200000000,ETB,0.02822659045
647645177,LAK,0.01517410496
647645177,NLG,0.02987691928
68458093,KES,0.02018897154
309375060,ISK,0.02123750239
647645177,RWF,0.01439145178
647645177,NIO,0.01571980510
68458093,LRD,0.02094307534
200000000,CLP,0.02691492657
647645177,NZD,0.02642809970
151914448,PAB,0.01613223018
151914448,USS,0.02059205539
863112134,LYD,0.01971366078
51579982,SRD,0.01542453914
863112134,UAH,0.02276997456
575351693,MAD,0.02271695872
226930996,MAD,0.02584389034
226930996,RWF,0.02162072710
309375060,BBD,0.02439788542
411879298,JOD,0.01288863073
863112134,BND,0.01257991289
575351693,FJD,0.02199946502
309375060,HTG,0.01925513615
68458093,BOV,0.01152862682
51579982,USD,0.01980970979
788710417,EEK,0.01590789737
68458093,XOF,0.02792519147
151914448,XAF,0.01577625506
200000000,USD,0.02076811746
226930996,SLL,0.02080789018
863112134,AOA,0.01440517416
788710417,MXN,0.01024884609
68458093,KHR,0.01649399895
863112134,SLL,0.02012245298
309375060,DOP,0.02535449937
647645177,QAR,0.01058623612
863112134,LVL,0.02052448087
575351693,AWG,0.02133677303
100000000,ZWD,0.02416278507
309375060,DEM,0.01704935998
200000000,CHF,0.01668697390
68458093,SIT,0.01807883514
151914448,TJS,0.02751221267
863112134,NAD,0.01819676262
51579982,MTL,0.01357234779
575351693,XPF,0.02484601394
200000000,JMD,0.02751966626
100000000,AOA,0.01679172939
575351693,CZK,0.01437029201
200000000,KPW,0.02736041984
647645177,CHW,0.02232913123
788710417,DZD,0.01159666594
151914448,TZS,0.01022055164
411879298,ETB,0.02522720078
226930996,MNT,0.02218498934
647645177,CDF,0.01959023557
226930996,UAH,0.02908137817
151914448,SOS,0.01663639291
100000000,CYP,0.02655201473
226930996,FIM,0.02339669170
226930996,WST,0.01033919356
309375060,BEF,0.02729033278
309375060,KZT,0.02075801447
309375060,VEB,0.01834573878
151914448,KZT,0.02798112715
100000000,XAF,0.01755504113
863112134,GEL,0.01792022589
575351693,AOA,0.01258515809
151914448,SRD,0.01212473066
575351693,USS,0.01302539821
200000000,GRD,0.01357673679
226930996,GBP,0.02204735527
226930996,BIF,0.02004684643
788710417,SOS,0.01426033563
100000000,RON,0.02647934382
226930996,KZT,0.01982487215
788710417,KZT,0.02357624471
151914448,ZMK,0.01138567957
411879298,NIO,0.02941443237
226930996,UYU,0.02663883265
226930996,DOP,0.02981231833
51579982,BHD,0.01857867909
151914448,MNT,0.02870360897
51579982,SGD,0.02558818173
200000000,LBP,0.01660476578
100000000,CZK,0.01213966546
411879298,FJD,0.01019597486
309375060,PEN,0.01024649599
226930996,MUR,0.02307685677
226930996,SAR,0.02392269616
788710417,ESP,0.01309908680
68458093,CUP,0.01042703719
575351693,CHW,0.02869753165
226930996,QAR,0.02933843557
863112134,YER,0.02090580890
647645177,MVR,0.02456564317
226930996,KYD,0.02200523500
411879298,ILS,0.01595893898
200000000,LTL,0.01095941379
863112134,XAF,0.02167493743
151914448,THB,0.02205905084
226930996,USN,0.02494540587
788710417,EUR,0.02085944452
226930996,TZS,0.01920226191
647645177,NGN,0.01204035359
788710417,CUP,0.02308638316
788710417,IEP,0.01094601229
309375060,CHF,0.01587763524
68458093,CRC,0.01515084739
151914448,PYG,0.02817529542
200000000,PGK,0.02751035404
863112134,JOD,0.02076694291
200000000,MDL,0.02805053009
309375060,ROL,0.01477259150
68458093,ZWD,0.02116463649
863112134,VND,0.01124947996
309375060,MTL,0.02655176199
68458093,MDL,0.01108920276
51579982,KZT,0.02896414227
575351693,BYR,0.01351786687
788710417,GTQ,0.01213328448
51579982,GBP,0.02079441543
100000000,PYG,0.02741013789
647645177,ZAR,0.02945226602
226930996,GNF,0.01606068873
226930996,VEB,0.02599265667
309375060,BMD,0.02637187119
863112134,BWP,0.01334973748
100000000,JMD,0.02049748892
68458093,GEL,0.02943011752
411879298,MVR,0.02125131352
68458093,MRO,0.01099346922
200000000,BIF,0.01296361132
309375060,AOA,0.01518352222
226930996,ROL,0.01237440414
151914448,KGS,0.01192553743
68458093,LVL,0.02184576575
575351693,NPR,0.02764977916
863112134,CHE,0.01662772061
100000000,USN,0.01354074190
68458093,AMD,0.02638682788
647645177,SYP,0.02859663507
200000000,VUV,0.01676965570
100000000,FIM,0.01274798278
51579982,GHC,0.01467900480
309375060,CZK,0.01135087938
100000000,AWG,0.01863032684
226930996,ALL,0.02744954276
226930996,ARS,0.01765822891
68458093,ITL,0.02989203905
309375060,VND,0.01557461473
788710417,CDF,0.02596754582
68458093,XPF,0.01594486972
788710417,VEF,0.01868591234
411879298,SDD,0.01313787413
575351693,TOP,0.02780077557
863112134,TTD,0.01959850647
226930996,OMR,0.01653370340
575351693,SLL,0.02465401680
51579982,MKD,0.01372393033
575351693,BRL,0.01845218036
226930996,SRD,0.02452891849
411879298,MXV,0.01098083126
647645177,SEK,0.02724531514
863112134,ISK,0.01266417202
68458093,CHE,0.02440559086
575351693,UYU,0.02408754433
309375060,FKP,0.02281786347
151914448,ROL,0.01947303539
226930996,RON,0.01912781259
788710417,ATS,0.02530480798
226930996,CRC,0.01895229034
226930996,GMD,0.01286425398
863112134,NZD,0.01251195697
151914448,KYD,0.02444742496
647645177,LBP,0.02651009134
51579982,PAB,0.02795455318
51579982,CHW,0.01898937236
151914448,ECU,0.02580530797
200000000,KHR,0.02395800283
68458093,XCD,0.01137255423
226930996,AOA,0.02830875197
200000000,PAB,0.01115830642
226930996,JOD,0.02224444084
309375060,XAF,0.02276211067
411879298,ROL,0.02304377065
68458093,JMD,0.01850569536
647645177,XAF,0.02221235643
151914448,GYD,0.01075733269
863112134,TRY,0.01921300152
309375060,MWK,0.02811128335
647645177,FKP,0.01709183261
68458093,PLN,0.01937594622
647645177,DEM,0.01213552405
100000000,DZD,0.02475024560
575351693,BEF,0.01161967116
575351693,MTL,0.02775030324
51579982,ZAR,0.02083703967
788710417,TWD,0.02670394491
226930996,TTD,0.01771211444
575351693,LSL,0.02746301200
68458093,GRD,0.01488772940
863112134,CHF,0.01808416445
863112134,SKK,0.02437075437
788710417,DJF,0.01747680685
788710417,KRW,0.01749447130
411879298,BRL,0.01147832811
200000000,ISK,0.02663059249
647645177,RON,0.02674594173
788710417,SZL,0.02798647120
411879298,VEB,0.02269244065
411879298,KZT,0.01486311094
863112134,RSD,0.01906904363
788710417,SAR,0.01552473852
68458093,LSL,0.01852864230
226930996,CSD,0.01162613537
151914448,MRO,0.01359101443
788710417,IDR,0.02393226590
151914448,SYP,0.02206941381
68458093,GYD,0.01850615961
575351693,PHP,0.02758423711
68458093,LBP,0.01498316483
51579982,XOF,0.02785064736
100000000,ESP,0.02002772437
200000000,ESP,0.01573698524
100000000,RUB,0.02430542325
411879298,GIP,0.01159092888
200000000,LAK,0.02570833567
68458093,BAM,0.02214960251
309375060,USD,0.01024335279
226930996,GHC,0.01580455516
100000000,ARS,0.01471632619
863112134,ADP,0.01758666372
863112134,XOF,0.02159220073
100000000,USS,0.01366095421
309375060,ATS,0.02034295452
411879298,USD,0.02525600010
226930996,KRW,0.01505881141
151914448,ATS,0.01886333224
647645177,SCR,0.01362896422
100000000,SKK,0.02348310828
309375060,FIM,0.01761862115
309375060,BTN,0.01910453715
100000000,MDL,0.01698970668
100000000,STD,0.01312214158
788710417,BOV,0.01263068473
200000000,BSD,0.02481827568
100000000,ERN,0.01956185969
411879298,SOS,0.01139231512
151914448,CDF,0.01163883203
647645177,MXN,0.02347897408
411879298,MRO,0.01624866584
863112134,AZN,0.02205123204
51579982,AZM,0.01622846155
575351693,THB,0.01261374524
647645177,VUV,0.01206952353
863112134,PKR,0.01441427946
309375060,FRF,0.01612488303
309375060,PYG,0.01197506372
200000000,SRD,0.02242368027
647645177,SHP,0.02070191427
68458093,LAK,0.01091053556
51579982,MZN,0.02698291384
200000000,STD,0.01825666594
309375060,MGA,0.01254429568
647645177,JPY,0.02330479222
100000000,TZS,0.01158033105
411879298,DJF,0.01287202468
200000000,LSL,0.02319539902
863112134,XCD,0.01189149930
647645177,KYD,0.01905642205
788710417,BOB,0.02425980742
151914448,SKK,0.02210638138
575351693,CLF,0.01049577760
51579982,HTG,0.01417608109
200000000,CDF,0.01331718461
68458093,NAD,0.02298064741
863112134,KMF,0.02010303385
411879298,RUB,0.02911580879
788710417,CVE,0.01421545974
575351693,MMK,0.01528069315
575351693,GRD,0.01727953298
863112134,NPR,0.01924016968
100000000,BWP,0.01842165438
100000000,NLG,0.01237949014
309375060,HUF,0.02049528496
575351693,TMM,0.01266359042
200000000,FKP,0.02851175591
200000000,VND,0.02714681047
309375060,SKK,0.01256641637
575351693,EGP,0.02982736354
411879298,ZWD,0.02191661625
100000000,AFN,0.01773354835
226930996,SKK,0.01362558660
68458093,UGX,0.01598186494
226930996,XAF,0.01812039937
200000000,HKD,0.01266476757
788710417,BWP,0.01459543215
151914448,GNF,0.02049915946
309375060,LSL,0.02558538126
575351693,HUF,0.02507483870
51579982,NZD,0.01608141698
647645177,ERN,0.01235131976
309375060,MUR,0.01680581381
200000000,ILS,0.02101570101
226930996,CHE,0.01191687725
151914448,GIP,0.02087494387
647645177,UYU,0.02139746488
100000000,ETB,0.01624193596
575351693,KHR,0.01028445619
68458093,AUD,0.01510251012
200000000,CVE,0.01800836360
51579982,ISK,0.01972399220
51579982,NAD,0.01840452882
309375060,HRK,0.02347636430
309375060,KMF,0.02609017193
411879298,GHC,0.02036356463
151914448,LYD,0.02922262290
788710417,DKK,0.02867129239
575351693,EEK,0.02819852203
309375060,YER,0.02598277918
863112134,CVE,0.02034424957
788710417,ITL,0.02953678933
51579982,ZWD,0.01249456404
788710417,BZD,0.01063149890
151914448,IEP,0.02665696387
100000000,MWK,0.02383028082
788710417,MVR,0.01349886009
51579982,NPR,0.02760471369
226930996,LKR,0.01864588078
200000000,WST,0.01144773113
51579982,BDT,0.02690269301
411879298,HNL,0.02128464424
226930996,ANG,0.02835027385
647645177,DZD,0.02826820268
68458093,SHP,0.02137073607
647645177,ESP,0.02101983494
863112134,CLF,0.01422530455
309375060,SEK,0.01551410645
309375060,BDT,0.02677296189
411879298,BHD,0.02472617565
575351693,ARS,0.02486431627
309375060,CYP,0.02868903279
411879298,COP,0.02416255312
51579982,IRR,0.01874244143
51579982,ATS,0.02960354665
647645177,ITL,0.01369020877
51579982,COP,0.01807050036
309375060,IRR,0.01369560570
863112134,CUP,0.01147252385
51579982,IQD,0.02560277672
788710417,ZAR,0.01631646789
788710417,TOP,0.02372882553
647645177,RSD,0.02476979258
788710417,GHC,0.01796826971
68458093,MXN,0.01653942312
863112134,BHD,0.01841766275
100000000,CVE,0.02573505569
575351693,EUR,0.02697977668
226930996,STD,0.02203041953
647645177,ECU,0.01304776031
647645177,GTQ,0.01035519809
863112134,HRK,0.01609148588
226930996,UGX,0.02220384853
309375060,DDM,0.01364984720
863112134,MUR,0.01828307579
100000000,PLN,0.01194042292
863112134,VEB,0.01517235538
788710417,EGP,0.01828559892
788710417,NGN,0.02616436264
411879298,HKD,0.01226337565
309375060,SRD,0.02139455149
863112134,MGA,0.01555054655
411879298,GTQ,0.01735914164
411879298,GNF,0.02065213565
51579982,ITL,0.01824353023
863112134,TND,0.01510787019
151914448,ZWD,0.01811134803
788710417,ALL,0.02152535985
51579982,FJD,0.01559812752
51579982,CLP,0.01328958150
226930996,TND,0.01266056860
647645177,LUF,0.01160550181
151914448,ADP,0.01218775277
151914448,JOD,0.01939924548
100000000,CLP,0.01160710825
51579982,CLF,0.01147442048
100000000,PEN,0.02142553927
788710417,ADP,0.02532305873
788710417,TRL,0.02903264777
647645177,IEP,0.01244143261
151914448,ETB,0.01384345362
788710417,GBP,0.01240374647
411879298,XAF,0.02444521357
151914448,SIT,0.02999272803
68458093,AFN,0.01099692530
309375060,NOK,0.01525440545
200000000,PEN,0.02555859366
51579982,KPW,0.01550122543
200000000,GMD,0.02283545074
226930996,BOV,0.02228707382
863112134,PAB,0.02723273939
863112134,SZL,0.02266110460
863112134,COP,0.02703954157
411879298,MAD,0.02720346007
411879298,PKR,0.02059309342
309375060,ZMK,0.01427139905
68458093,ESP,0.02470328728
575351693,CAD,0.01454293033
100000000,MMK,0.02441319709
575351693,TND,0.02852820149
309375060,AED,0.01199571343
100000000,AZM,0.02560549525
100000000,SRD,0.02828633557
647645177,MDL,0.02189517908
226930996,TOP,0.02206301747
411879298,MTL,0.02866521077
151914448,BYR,0.01392837864
151914448,YER,0.02790726127
68458093,ROL,0.01543767427
51579982,NGN,0.02936204621
226930996,ERN,0.01714539299
647645177,TTD,0.01792250999
51579982,CDF,0.01059931250
68458093,RSD,0.02350794035
788710417,BYR,0.02856599531
200000000,BZD,0.02087234805
151914448,ITL,0.02908615976
200000000,HUF,0.01526542332
151914448,ANG,0.02617983367
68458093,MKD,0.01447046761
100000000,AMD,0.02168476757
411879298,MWK,0.01875482716
151914448,MKD,0.02703997997
151914448,CRC,0.02012590975
863112134,KPW,0.02372963975
200000000,IQD,0.01061877871
788710417,MYR,0.01917843377
788710417,BAM,0.01796594522
200000000,BTN,0.01842327527
788710417,NLG,0.02492031232
309375060,ESP,0.02785033194
309375060,RSD,0.02690955900
226930996,JPY,0.02734106176
647645177,KWD,0.01997360520
309375060,UGX,0.02266387362
788710417,FIM,0.02764249075
575351693,AUD,0.01691435381
226930996,DEM,0.01930398819
151914448,SBD,0.02396937651
226930996,VEF,0.02362993558
100000000,HKD,0.02868897423
647645177,RUB,0.01590654340
100000000,KES,0.01807227945
788710417,CYP,0.01696317191
309375060,SVC,0.02953529006
226930996,CUP,0.01032026017
575351693,LKR,0.02140131698
51579982,LBP,0.02187153852
411879298,BEF,0.01573991321
575351693,GMD,0.02875736768
68458093,USN,0.02370450247
863112134,SRD,0.02914133745
226930996,MZN,0.01203798603
309375060,KPW,0.01762512887
151914448,SZL,0.02966195126
788710417,SKK,0.02946839180
151914448,CHW,0.02314892287
100000000,VEB,0.01525003112
309375060,CLP,0.02699599484
411879298,WST,0.02293115688
151914448,NAD,0.02125737193
200000000,BDT,0.02046196530
68458093,MMK,0.01722543028
411879298,LSL,0.02530642223
411879298,BTN,0.02813508555
788710417,AZM,0.01091864281
309375060,AWG,0.01265216714
647645177,NAD,0.02985980991
575351693,PAB,0.01522827298
575351693,IQD,0.01164815594
647645177,BBD,0.02998493235
68458093,BDT,0.01552842963
309375060,LTL,0.01903893795
309375060,EEK,0.01626024660
151914448,GWP,0.01719610003
151914448,IDR,0.02907320036
309375060,STD,0.01250759109
309375060,TZS,0.01962449100
151914448,XOF,0.01577412848
788710417,KWD,0.02981351531
575351693,CVE,0.02585864352
200000000,MGA,0.01153628826
575351693,TRY,0.02547548035
411879298,GYD,0.01096707147
226930996,ZWD,0.01249869091
411879298,SBD,0.02598917214
151914448,DJF,0.02299631425
200000000,JOD,0.02140285163
575351693,OMR,0.02706180425
68458093,FIM,0.02014463587
51579982,AFN,0.02967564665
788710417,TZS,0.02577539599
863112134,GIP,0.02357485221
863112134,GRD,0.01093831630
309375060,BHD,0.02640808035
100000000,TJS,0.01954366200
575351693,TZS,0.01196977865
68458093,CZK,0.02548403105
51579982,GIP,0.01638560812
51579982,VND,0.01828791784
309375060,CUP,0.01079867489
100000000,XOF,0.02403482631
411879298,RSD,0.01810440337
863112134,USS,0.02802329043
309375060,MRO,0.02301138687
575351693,PKR,0.01123284866
309375060,LYD,0.01226392006
200000000,ALL,0.01486871674
51579982,UGX,0.02003430156
51579982,PTE,0.02272750497
863112134,FKP,0.02675202343
151914448,MZN,0.02846523398
68458093,MTL,0.02714287268
151914448,MDL,0.01996403687
100000000,MXV,0.02385128679
68458093,CVE,0.01394767576
151914448,NIO,0.02024933923
100000000,ALL,0.02604229076
68458093,YER,0.01311799040
647645177,VEB,0.01205901201
68458093,BGN,0.01073100484
100000000,VUV,0.01001811576
200000000,SGD,0.01207676741
309375060,ILS,0.01615672281
411879298,CUP,0.01080335501
100000000,ANG,0.01586748749
411879298,VEF,0.01494024907
100000000,NGN,0.02839574896
100000000,TTD,0.01719618297
647645177,ETB,0.01555610422
151914448,BAM,0.02700446140
575351693,ZAR,0.01528272390
788710417,SHP,0.02551981670
575351693,LRD,0.02325486039
788710417,MGF,0.01918714335
226930996,TWD,0.02508134486
309375060,TJS,0.01171243212
863112134,BAM,0.01971425809
200000000,EGP,0.01336754791
68458093,DOP,0.01620889919
309375060,MVR,0.01033835567
51579982,LSL,0.02215847936
788710417,DOP,0.02475270877
51579982,AED,0.01679910994
309375060,RON,0.02226115507
309375060,BIF,0.01578248492
100000000,SBD,0.02243655082
151914448,KMF,0.01101664197
411879298,RON,0.01634422936
68458093,HTG,0.01803317925
411879298,GMD,0.02363463182
575351693,AZN,0.02749373458
51579982,IEP,0.01133551971
200000000,DDM,0.01632831875
100000000,LUF,0.01076871151
226930996,ITL,0.02941961327
863112134,MYR,0.01497185295
100000000,HUF,0.02371451586
647645177,GWP,0.01364175016
575351693,JPY,0.01434847345
200000000,MAD,0.01759235772
100000000,XPF,0.01518832638
411879298,NLG,0.01138533662
68458093,TRL,0.02470198275
647645177,XCD,0.02717928047
863112134,BEF,0.02000208998
200000000,KZT,0.02067796963
51579982,GTQ,0.02722741932
151914448,ALL,0.01174844547
51579982,WST,0.01224881853
647645177,KPW,0.02792400072
200000000,KYD,0.02133270153
863112134,LTL,0.02339050713
100000000,GEL,0.02336811578
647645177,GEL,0.01364947239
100000000,ISK,0.02225473766
411879298,KRW,0.01601804637
309375060,PHP,0.01593774303
100000000,BAM,0.02731247849
226930996,SBD,0.01542766874
100000000,PGK,0.01600247058
411879298,IEP,0.02821311007
647645177,AMD,0.02004208892
151914448,USD,0.01320273868
200000000,TRL,0.02138858790
647645177,SZL,0.02334963753
788710417,LRD,0.01151127793
151914448,HNL,0.02423167909
151914448,BGN,0.01125362129
309375060,ANG,0.01609057147
68458093,MGF,0.01521571333
309375060,INR,0.02936066297
200000000,DJF,0.02203134803
200000000,CLF,0.02292550898
100000000,MZM,0.01387165450
411879298,BMD,0.02579201555
411879298,ATS,0.01225094337
309375060,MNT,0.02932253340
575351693,MVR,0.02346263323
788710417,CHF,0.01355605688
68458093,MVR,0.01114402567
51579982,MMK,0.02960952419
411879298,BOV,0.01065597665
647645177,UZS,0.01499557369
647645177,KHR,0.02995229516
863112134,LKR,0.01142785877
51579982,XAF,0.01387665349
411879298,IQD,0.01900060830
226930996,PEN,0.02752207313
100000000,USD,0.02740437899
788710417,HRK,0.02326732313
309375060,LAK,0.02714137879
226930996,KPW,0.02390095028
863112134,FIM,0.02178515387
309375060,CHW,0.01907988023
151914448,NGN,0.02863232061
647645177,EEK,0.02715566108
68458093,AZM,0.01924722546
575351693,NZD,0.01173517985
100000000,DKK,0.02522038621
226930996,TRY,0.01950920666
226930996,BZD,0.01695217731
309375060,GMD,0.02985405316
788710417,UZS,0.02562590135
788710417,HKD,0.01914915371
309375060,HKD,0.02912803090
863112134,LUF,0.02500411710
309375060,IQD,0.01207442645
100000000,BOV,0.01368794610
200000000,SIT,0.01606361753
575351693,SIT,0.02372328710
151914448,MYR,0.02874323621
151914448,NPR,0.01025996924
575351693,LBP,0.02637224332
151914448,SAR,0.01857232097
411879298,VUV,0.01360617715
226930996,GWP,0.02561901534
68458093,UAH,0.01272911355
226930996,GTQ,0.01053510941
68458093,PYG,0.01119582789
863112134,KES,0.02735370157
51579982,AMD,0.02700963730
100000000,PKR,0.01502685321
575351693,USD,0.02421203721
151914448,GEL,0.01446730393
226930996,LTL,0.02085339744
309375060,TRL,0.02308666100
411879298,PTE,0.02669107259
863112134,GMD,0.01207237239
200000000,MKD,0.01215121814
309375060,CLF,0.02802251234
68458093,GIP,0.01060977387
68458093,PHP,0.01082939469
200000000,MTL,0.02680042740
788710417,BHD,0.02584293869
100000000,GIP,0.01133424844
226930996,DJF,0.02701269804
863112134,BTN,0.02829605712
309375060,EUR,0.01525117609
100000000,LBP,0.01523282183
51579982,MZM,0.01371566081
51579982,CRC,0.02532339373
51579982,UAH,0.01979395488
575351693,SDD,0.01505809212
647645177,PLN,0.01771123784
309375060,LBP,0.01948993375
226930996,AFN,0.01094849591
151914448,RSD,0.02536310743
200000000,SLL,0.02986268638
309375060,GEL,0.02168246630
788710417,CZK,0.02649768622
68458093,ARS,0.02125183897
309375060,AZM,0.01973330402
51579982,RSD,0.02625765779
200000000,XCD,0.01348482067
309375060,SYP,0.01917427167
863112134,SEK,0.01717288334
863112134,MDL,0.02737216145
575351693,WST,0.01935568993
100000000,INR,0.01826160127
411879298,CRC,0.02516250408
309375060,TTD,0.01123095039
226930996,COU,0.02858722182
411879298,ISK,0.02485717198
647645177,TJS,0.01907818036
51579982,JPY,0.02188020410
200000000,TTD,0.01516825981
226930996,ATS,0.01143395733
68458093,SVC,0.02778779633
863112134,RWF,0.01639375684
411879298,CVE,0.01373950167
226930996,LRD,0.01399953025
151914448,ILS,0.02162466121
575351693,RUB,0.01789975859
68458093,BRL,0.02401599999
309375060,DZD,0.02937463198
863112134,BGN,0.01128492745
151914448,COU,0.02186686211
575351693,GBP,0.01430704950
68458093,IEP,0.01539160990
863112134,GTQ,0.01007502109
51579982,SAR,0.01241690266
200000000,EUR,0.02051468685
100000000,LRD,0.02309413567
575351693,LUF,0.02968913053
51579982,ZMK,0.02115369357
51579982,VEF,0.02693343018
200000000,CNY,0.02042979086
575351693,GHC,0.02682572528
51579982,MWK,0.01109522243
100000000,COP,0.02449030182
68458093,COU,0.02171224478
200000000,ZWD,0.01445595856
51579982,ETB,0.01276917642
411879298,BOB,0.01075557506
51579982,GRD,0.01628992123
309375060,COP,0.01743573633
647645177,BTN,0.01837939996
51579982,KGS,0.02412109876
151914448,NZD,0.01339319422
68458093,BOB,0.02740712554
411879298,EGP,0.01317352227
309375060,KES,0.01198445127
151914448,BHD,0.02804231945
575351693,LYD,0.01656368998
309375060,IDR,0.01073967058
200000000,MVR,0.01959359295
51579982,BOB,0.02518345672
151914448,AOA,0.02385823796
647645177,USD,0.02093282368
575351693,XCD,0.01239808404
200000000,BHD,0.01588030004
647645177,ADP,0.01061039357
863112134,ECU,0.01547902458
68458093,EUR,0.01031933883
788710417,TRY,0.02042398515
151914448,TRY,0.01522527696
309375060,KRW,0.02702833099
51579982,MOP,0.01729380904
788710417,PHP,0.01863410216
200000000,UYU,0.01886352080
575351693,DZD,0.02252502705
411879298,CNY,0.01375937203
788710417,NOK,0.01740879524
226930996,MMK,0.02540672439
51579982,NOK,0.01123628673
309375060,UAH,0.02344662703
100000000,SOS,0.01974209213
51579982,AZN,0.01994137989
647645177,FJD,0.02162813277
51579982,GEL,0.02890319639
788710417,THB,0.01796175663
151914448,VEB,0.02023819206
100000000,JPY,0.02950018783
309375060,CHE,0.01262053742
788710417,FRF,0.01685111699
51579982,OMR,0.01533262790
411879298,MMK,0.02238837152
200000000,GIP,0.02244918303
863112134,PEN,0.01960347738
51579982,SVC,0.01431644011
788710417,RON,0.02221735961
226930996,MDL,0.02117972461
647645177,KRW,0.02121788180
647645177,MTL,0.02682880799
226930996,CLP,0.01953227194
788710417,IQD,0.02073326409
68458093,VEB,0.02998014523
51579982,LVL,0.02448965228
51579982,BWP,0.01836170771
863112134,VEF,0.02134647364
411879298,EEK,0.01808323175
51579982,AOA,0.02964658339
151914448,PLN,0.01086191485
411879298,CDF,0.01545278869
647645177,SBD,0.02722621325
100000000,GMD,0.02431084752
100000000,FJD,0.01536452837
68458093,TZS,0.01465269034
863112134,PTE,0.02419120168
309375060,GTQ,0.02803654475
788710417,VUV,0.02029796845
100000000,ATS,0.01623242263
200000000,ITL,0.01493279229
68458093,MXV,0.01875129991
575351693,NGN,0.01967524907
309375060,PTE,0.02313189810
309375060,GWP,0.02362472657
226930996,KHR,0.02517546377
863112134,THB,0.02343860223
68458093,HUF,0.02807896398
68458093,SLL,0.02539363504
51579982,JMD,0.02347084609
68458093,FKP,0.01792397789
575351693,CYP,0.02879858820
411879298,TRL,0.02812986681
575351693,SAR,0.02413886863
51579982,FIM,0.01805614014
411879298,UYU,0.01677194803
647645177,SAR,0.02980058364
100000000,BHD,0.01794194857
151914448,PGK,0.01360773133
68458093,LTL,0.01696179982
788710417,IRR,0.01310044208
309375060,SIT,0.02175081844
100000000,RWF,0.02695333510
647645177,LSL,0.01023691910
863112134,CZK,0.01906035062
100000000,SYP,0.02672439798
788710417,NAD,0.02922222325
151914448,GTQ,0.02391980413
68458093,DKK,0.02539493522
226930996,FKP,0.02210774782
51579982,BYR,0.02560113570
575351693,MOP,0.02894824493
51579982,USS,0.02390451775
226930996,LYD,0.02818752118
226930996,EUR,0.01876108051
100000000,UAH,0.01458276477
575351693,AZM,0.02415755002
309375060,UYU,0.02157326158
51579982,BTN,0.01197982410
200000000,EEK,0.02340834429
51579982,LYD,0.02796462057
200000000,BAM,0.01497677700
863112134,EEK,0.02050436890
788710417,UYU,0.02057025266
68458093,GWP,0.02081529202
647645177,BOV,0.02204074724
411879298,TZS,0.02104539713
411879298,GBP,0.02175020680
200000000,TWD,0.01248419545
151914448,CUP,0.01552160998
200000000,UAH,0.02501829851
788710417,XOF,0.01433049123
575351693,BZD,0.02942295219
100000000,BYR,0.01426069070
309375060,ERN,0.01124306485
788710417,DEM,0.01551008030
575351693,PEN,0.01633966526
68458093,THB,0.01088144067
309375060,TMM,0.01828798729
100000000,ROL,0.01982820155
309375060,NLG,0.02352786181
100000000,BTN,0.01802955782
226930996,TJS,0.01548974750
200000000,NPR,0.01661719655
100000000,TWD,0.02004193742
309375060,XOF,0.02622666403
647645177,SLL,0.02490515564
788710417,BRL,0.02534793015
51579982,BBD,0.02072630281
226930996,KWD,0.01103712944
100000000,AUD,0.01404743642
411879298,INR,0.02364741545
51579982,MDL,0.02739059078
68458093,CLP,0.02125153239
51579982,CYP,0.02123262740
575351693,LVL,0.02895972515
647645177,AZM,0.02108343989
100000000,IRR,0.02316915240
51579982,INR,0.01170930470
51579982,NLG,0.02038765767
411879298,CHF,0.02345252366
51579982,GYD,0.02881580020
100000000,PTE,0.01346751289
575351693,SEK,0.01219404777
411879298,AZM,0.01058865498
100000000,DEM,0.01806219441
647645177,CSD,0.02672042984
226930996,ISK,0.01475800592
647645177,GRD,0.01253694345
788710417,KPW,0.01611200228
309375060,RUB,0.02052494743
411879298,UGX,0.02247278035
226930996,SIT,0.02581815559
309375060,THB,0.02870756526
68458093,ETB,0.02385501887
100000000,EGP,0.01113834543
68458093,ANG,0.02483856238
226930996,ILS,0.02765524054
647645177,ALL,0.02666426401
68458093,UYU,0.02984321824
411879298,KYD,0.02097673473
863112134,KGS,0.01890118952
411879298,BBD,0.02907199542
100000000,BMD,0.01414642179
309375060,GHC,0.02542088921
151914448,MWK,0.01439235841
100000000,CAD,0.01377946946
200000000,MZN,0.02856191089
100000000,RSD,0.02349055504
200000000,KRW,0.02733629822
788710417,SEK,0.02817083626
51579982,THB,0.02691418711
68458093,BYR,0.02421147742
575351693,ROL,0.01822737274
226930996,PHP,0.02827590578
100000000,MGF,0.01907523532
151914448,OMR,0.02932283649
100000000,LVL,0.01613582158
647645177,MMK,0.01686952123
68458093,RWF,0.01190931691
788710417,MOP,0.01068101612
100000000,SEK,0.02626004033
647645177,SVC,0.02245496359
68458093,SBD,0.01094357075
100000000,CRC,0.01418431339
68458093,LYD,0.01062135030
100000000,JOD,0.01472648562
788710417,CHW,0.02734876351
575351693,BTN,0.02187812892
411879298,MGA,0.01403443703
100000000,ILS,0.01532873164
68458093,ISK,0.01225595341
226930996,SGD,0.02181034765
200000000,RUB,0.02211554537
647645177,OMR,0.02032843258
68458093,PEN,0.01725122710
100000000,MKD,0.01749176424
200000000,GWP,0.02209441724
68458093,IDR,0.02278645160
68458093,ECU,0.01608208116
151914448,CHE,0.01547656609
151914448,LUF,0.01057487289
200000000,RON,0.01016589439
788710417,NPR,0.01817541919
51579982,DJF,0.02061304976
100000000,IQD,0.01514283827
100000000,UZS,0.01203465245
647645177,FIM,0.01950855249
68458093,SAR,0.02392489485
151914448,MXV,0.02884953044
200000000,DOP,0.02861841601
788710417,AWG,0.01069098879
575351693,STD,0.02786847883
68458093,SKK,0.01810141327
68458093,ALL,0.02023284345
100000000,SAR,0.01580620350
151914448,QAR,0.01787187330
200000000,GYD,0.01536745104
788710417,MDL,0.02147122400
788710417,ROL,0.02862899428
788710417,ECU,0.01759631660
226930996,PYG,0.02836808174
309375060,ZWD,0.02224663890
68458093,USS,0.02527542726
575351693,HKD,0.01827111605
309375060,SZL,0.02703925261
575351693,MRO,0.01038527329
51579982,YER,0.02415878609
51579982,KES,0.02973808856
200000000,MXN,0.02856875598
68458093,TOP,0.01744018937
309375060,HNL,0.01531634402
411879298,SRD,0.02250180153
51579982,FRF,0.02918100792
51579982,SEK,0.01074253298
411879298,LUF,0.01173818411
647645177,KZT,0.01611703713
100000000,GWP,0.02910033445
575351693,BDT,0.01042979243
575351693,ADP,0.02527070171
788710417,CLP,0.01965505909
575351693,DKK,0.02425171415
51579982,BEF,0.02028839363
788710417,OMR,0.01898382109
309375060,MZN,0.02477541004
68458093,PKR,0.01476184853
100000000,SGD,0.02572056457
200000000,UZS,0.01658237944
575351693,CHF,0.01109013448
411879298,GRD,0.02620233424
100000000,ZMK,0.01099306719
309375060,DKK,0.01750852281
100000000,MZN,0.02704246846
200000000,MUR,0.01477061345
200000000,CSD,0.02114803925
226930996,CHW,0.01382336942
200000000,KMF,0.01743220312
151914448,AZM,0.01223328494
200000000,INR,0.02155385679
309375060,TRY,0.01177261025
647645177,AUD,0.02100507619
151914448,GHC,0.02046027267
200000000,USN,0.01004657572
863112134,KWD,0.02713211093
226930996,USD,0.01818370930
575351693,CHE,0.02875724588
411879298,NZD,0.01296017132
151914448,EUR,0.02899598913
309375060,MAD,0.01005275791
151914448,FJD,0.01995759459
51579982,HNL,0.02706644891
788710417,JPy,0.01161105678
68458093,BIF,0.01512110704
411879298,AFN,0.01336417036
575351693,BIF,0.01454315744
788710417,LTL,0.01817790566
575351693,DOP,0.02016909029
647645177,DDM,0.02413490969
788710417,MKD,0.01756149229
100000000,BRL,0.02423033886
309375060,EGP,0.01564887471
309375060,ECU,0.01958536228
575351693,ISK,0.01293182722
647645177,MZN,0.01127124351
411879298,SKK,0.02464130896
863112134,UYU,0.02313505147
647645177,CLP,0.01546917876
788710417,AMD,0.02378441481
68458093,SZL,0.01728268143
647645177,SDD,0.01625350489
309375060,IEP,0.02133755496
200000000,AED,0.02455823952
309375060,ITL,0.02986000358
575351693,NIO,0.01776569007
68458093,BMD,0.01960500184
647645177,DOP,0.02444856679
411879298,GEL,0.01943357735
575351693,MXV,0.01825551099
226930996,XOF,0.01158881640
411879298,BIF,0.02327448398
788710417,PLN,0.02088077239
309375060,BSD,0.01505991587
151914448,BZD,0.02329304408
100000000,CDF,0.01848213135
200000000,JPY,0.01366508546
200000000,MYR,0.01047506910
575351693,BBD,0.01633805055
68458093,COP,0.01752809588
575351693,UAH,0.01041972006
863112134,EGP,0.02229996770
647645177,FRF,0.01725459634
51579982,TND,0.02862532851
575351693,MWK,0.02859507002
226930996,MOP,0.01172176134
575351693,CSD,0.01386251040
200000000,CAD,0.02256093026
151914448,FRF,0.01995466248
411879298,SVC,0.01880096321
309375060,CAD,0.01067671294
226930996,UZS,0.01573657309
200000000,CUP,0.01061425103
100000000,TRY,0.01044363242
788710417,UAH,0.01288098792
151914448,CYP,0.02139870765
411879298,JPY,0.02660392508
575351693,GTQ,0.02975151946
863112134,TOP,0.02038257357
226930996,NPR,0.01221713844
51579982,BZD,0.02659324888
151914448,SGD,0.02902007585
788710417,MRO,0.01980828103
863112134,MKD,0.01293693227
863112134,PGK,0.01445459902
226930996,MWK,0.01140812726
647645177,GHC,0.02302552288
647645177,COU,0.01677004839
309375060,NZD,0.01975002785
100000000,KYD,0.01843192164
200000000,COP,0.01586927746
151914448,UGX,0.01350947577
863112134,TJS,0.01401213941
788710417,SGD,0.02194016824
226930996,SVC,0.01022867275
647645177,USN,0.01104007173
200000000,AUD,0.01484961270
788710417,RSD,0.01010559296
200000000,DZD,0.01649453911
100000000,GHC,0.02498670311
863112134,BRL,0.01844317262
647645177,CRC,0.01722243336
226930996,GYD,0.01159192848
51579982,CHF,0.02368169762
647645177,XOF,0.01390795840
68458093,SEK,0.01672821257
151914448,IQD,0.01041924780
68458093,TND,0.02745001521
200000000,HTG,0.01028339617
68458093,KWD,0.01587203279
100000000,SVC,0.01548833005
575351693,ERN,0.01240196333
411879298,ITL,0.02857184537
788710417,USD,0.01883053095
411879298,SEK,0.02090739999
51579982,TRY,0.01948967845
575351693,VEF,0.01728243608
226930996,BYR,0.02282656112
51579982,DZD,0.02257156790
68458093,SCR,0.01952500833
68458093,NZD,0.02034667290
100000000,CSD,0.01893454973
200000000,AFN,0.01652312094
575351693,AFN,0.01417282728
68458093,KRW,0.02105754653
575351693,BHD,0.02576040096
51579982,RON,0.01191656033
100000000,KGS,0.02162523714
411879298,AED,0.02484402992
647645177,PAB,0.01006271971
200000000,SEK,0.02387096856
226930996,GEL,0.02372849891
411879298,RWF,0.02722802059
68458093,FJD,0.02363603197
647645177,MYR,0.02471495933
100000000,MOP,0.01877595408
647645177,NOK,0.02122091474
226930996,AZN,0.01040558625
100000000,KWD,0.01972711323
647645177,BEF,0.01099659397
226930996,BND,0.01070218795
411879298,AUD,0.01168722956
788710417,NIO,0.01544746439
68458093,LKR,0.01396035735
863112134,PYG,0.01298248084
309375060,USS,0.02094475425
863112134,TWD,0.02498325404
575351693,MZN,0.01068761885
226930996,IDR,0.01478887711
51579982,PYG,0.01213101895
51579982,PGK,0.02545481911
309375060,BOV,0.01819175891
309375060,SOS,0.01132018453
200000000,SHP,0.02782805395
788710417,USN,0.02782516051
788710417,KGS,0.02850010010
647645177,BAM,0.02780521641
411879298,ZMK,0.02490526756
100000000,ADP,0.01882936063
309375060,LRD,0.02188990645
100000000,GYD,0.01715720454
647645177,BDT,0.01629377631
575351693,NOK,0.02856770634
151914448,BDT,0.01114253934
100000000,BBD,0.02585264372
100000000,PHP,0.01772878467
411879298,USN,0.02554900649
863112134,USD,0.01806028785
863112134,TZS,0.02307301569
200000000,CYP,0.02794085565
647645177,HTG,0.02356826972
575351693,CUP,0.02530677905
226930996,INR,0.01543300781
647645177,AFN,0.01978080620
51579982,SKK,0.02177554162
575351693,XAF,0.02782328602
788710417,PYG,0.02127898474
51579982,ANG,0.01814187844
647645177,EGP,0.01064038197
226930996,PGK,0.02863966728
411879298,MDL,0.01457663370
151914448,GMD,0.02829674128
68458093,FRF,0.02223909335
411879298,BAM,0.02384006194
575351693,YER,0.02881686932
575351693,SHP,0.01539578257
51579982,DDM,0.02338949281
309375060,BOB,0.02075988149
151914448,EEK,0.01615421976
309375060,ADP,0.02237705154
309375060,COU,0.02463065666
200000000,IDR,0.01218204424
226930996,SOS,0.02615209119
309375060,TOP,0.02941713572
411879298,JMD,0.02689273023
68458093,CSD,0.02736679838
863112134,GHC,0.02204445495
863112134,BDT,0.02330613998
411879298,PAB,0.01092455725
575351693,MKD,0.01819089545
51579982,BAM,0.01033365852
788710417,AED,0.01975885699
200000000,CZK,0.01214452906
411879298,MYR,0.01548827506
863112134,SCR,0.02182921975
863112134,ARS,0.02567812516
411879298,KGS,0.01555271711
200000000,AWG,0.02687582975
226930996,DDM,0.02889261690
226930996,SHP,0.02176526068
226930996,HKD,0.01169000570
863112134,IRR,0.02291422592
100000000,GBP,0.01468824985
151914448,GRD,0.02862637780
100000000,GTQ,0.01535260244
151914448,AUD,0.01339516399
51579982,KMF,0.02565089580
51579982,BIF,0.01165230032
788710417,LKR,0.02386794927
647645177,GBP,0.02986286241
51579982,LAK,0.01816514068
226930996,TMM,0.02145368640
411879298,ESP,0.02121073003
788710417,COU,0.02416896653
200000000,NOK,0.01461243575
788710417,XAF,0.01751188190
200000000,TMM,0.01808530849
68458093,MZN,0.02592647378
309375060,KGS,0.01247656141
68458093,OMR,0.02295993847
788710417,MNT,0.01632360273
309375060,KHR,0.01416969085
100000000,GNF,0.02310846321
151914448,DOP,0.02803712579
51579982,GWP,0.01854504716
200000000,XAF,0.01034362746
100000000,SLL,0.01403655892
226930996,BSD,0.01876418266
575351693,COP,0.01099795406
788710417,GEL,0.01093765667
575351693,BMD,0.01036878942
647645177,BZD,0.01576545150
647645177,AED,0.02884924483
68458093,KPW,0.02864465493
647645177,LTL,0.01686782457
226930996,USS,0.02591795261
226930996,CLF,0.02891217225
647645177,LYD,0.02086826412
647645177,INR,0.01269101291
151914448,ZAR,0.01663635710
100000000,TND,0.02489931484
51579982,NIO,0.01371730775
200000000,ROL,0.02557179724
788710417,MUR,0.01910672374
309375060,WST,0.02476078159
151914448,BIF,0.01831780829
863112134,DOP,0.01137949545
788710417,MTL,0.01266077428
200000000,TOP,0.02851521751
309375060,TWD,0.02433945411
200000000,SAR,0.02852948262
309375060,BGN,0.01773638296
151914448,KRW,0.01820385787
51579982,AWG,0.02307477533
51579982,JOD,0.02462598775
647645177,BYR,0.02949886884
226930996,AZM,0.01919554302
411879298,HTG,0.01922568908
200000000,KES,0.02500485508
575351693,INR,0.01820157911
309375060,MXN,0.01404324540
411879298,CZK,0.01674348748
788710417,SLL,0.02950378385
788710417,LSL,0.02574316293
863112134,MMK,0.02644033715
575351693,FKP,0.02963473783
309375060,ZAR,0.02482272794
226930996,ESP,0.02063283685
226930996,MXV,0.02354746091
68458093,SDD,0.01358698324
226930996,EGP,0.02524727003
575351693,ILS,0.01570385663
100000000,AED,0.01005854678
863112134,ANG,0.01858452589
226930996,NLG,0.02429295955
68458093,VUV,0.02441930340
68458093,BBD,0.02684715049
151914448,BOV,0.02637599426
100000000,KHR,0.01398875583
51579982,ESP,0.01249321888
151914448,RON,0.02088196079
100000000,HRK,0.01972178676
863112134,MZN,0.02705286924
788710417,LYD,0.01180400422
200000000,OMR,0.02132297939
309375060,LUF,0.01279090567
309375060,BZD,0.02012445141
51579982,UZS,0.02320592906
51579982,LRD,0.01930751730
411879298,NGN,0.01389308936
226930996,BHD,0.02349974732
647645177,PGK,0.02384848548
647645177,STD,0.02590783013
68458093,JOD,0.01292356692
863112134,AED,0.01448147021
200000000,KWD,0.01299223717
863112134,CLP,0.01408985662
226930996,XCD,0.02646415426
647645177,MKD,0.02748532173
309375060,PLN,0.01806371597
51579982,MRO,0.01622517863
51579982,HRK,0.01342583232
51579982,TOP,0.01445773385
51579982,RWF,0.01982082523
788710417,AUD,0.02880599467
411879298,DEM,0.01343433614
51579982,CNY,0.01394406663
226930996,PLN,0.02200412143
100000000,NPR,0.01048552997
200000000,NGN,0.01885170632
100000000,FRF,0.01630665098
863112134,ATS,0.02672823681
226930996,AMD,0.02841398852
200000000,NLG,0.02939314875
411879298,CHE,0.02612722283
68458093,IQD,0.02212163247
863112134,FRF,0.01106278507
226930996,SCR,0.01573996446
51579982,LKR,0.02073844895
647645177,CHE,0.02335175788
575351693,MGA,0.02332747114
100000000,MRO,0.01536570482
575351693,ESP,0.02611440609
226930996,HRK,0.01217661425
863112134,OMR,0.01167241252
200000000,TJS,0.01998413086
411879298,TMM,0.01801002586
788710417,XCD,0.01354261613
151914448,BSD,0.01342793278
51579982,CZK,0.02959394490
575351693,UZS,0.02727467622
863112134,AUD,0.01050255616
647645177,IRR,0.02507330520
51579982,KHR,0.02303668097
51579982,SIT,0.02367520789
51579982,DOP,0.01085638129
788710417,PEN,0.01943661634
100000000,CHF,0.02930053749
226930996,TRL,0.01234894853
100000000,TRL,0.02042139829
151914448,JMD,0.01121518976
575351693,BOB,0.01749435206
100000000,COU,0.02116728184
100000000,CUP,0.02871743310
100000000,KZT,0.01406791399
51579982,ARS,0.01648231396
226930996,IEP,0.02582561394
411879298,LBP,0.01310636541
411879298,DOP,0.01075347126
100000000,CHW,0.02761142699
68458093,CHF,0.01238567238
151914448,BOB,0.01705438266
411879298,PLN,0.01038612607
647645177,ANG,0.02578012517
788710417,SYP,0.01428124966
575351693,VUV,0.01718918738
411879298,YER,0.01385338119
200000000,LRD,0.01528787669
411879298,XOF,0.02245865377
411879298,CYP,0.02220330965
100000000,GRD,0.02978746896
226930996,ECU,0.01747198377
226930996,BRL,0.01335829100
68458093,HRK,0.02440857779
863112134,MVR,0.01920530936
863112134,IDR,0.01707922730
863112134,CSD,0.02985395281
647645177,TWD,0.01187570242
151914448,PHP,0.01702919990
68458093,AWG,0.02363637864
309375060,SLL,0.02505154242
100000000,UGX,0.02559684901
68458093,TWD,0.02317319269
100000000,WST,0.01277503411
411879298,ERN,0.01800913329
200000000,HNL,0.01198796423
309375060,LVL,0.01472773544
863112134,FJD,0.02053262232
411879298,MZM,0.01397539989
411879298,NOK,0.01630153591
200000000,NIO,0.02399783378
788710417,KMF,0.01109282990
411879298,XCD,0.02965362909
309375060,MKD,0.02714937447
68458093,SOS,0.01474764062
309375060,AFN,0.02524512399
575351693,FIM,0.01628366418
51579982,BSD,0.01633890442
51579982,FKP,0.01097702728
68458093,BWP,0.02303443001
411879298,TJS,0.02999430210
100000000,BND,0.02160536425
411879298,KPW,0.02890336237
226930996,PTE,0.01963844450
411879298,ALL,0.01991381248
226930996,XPF,0.01257621957
100000000,LAK,0.01354436731
575351693,PYG,0.01845146547
200000000,NAD,0.02993640136
647645177,THB,0.02243299562
411879298,BWP,0.02639558036
309375060,CNY,0.02967002480
863112134,AFN,0.01982761217
151914448,MAD,0.01923965041
68458093,BSD,0.01016861362
100000000,THB,0.02111917074
226930996,MYR,0.02746314408
647645177,BND,0.02205736423
100000000,AZN,0.01931056398
200000000,BOB,0.02913542070
647645177,HKD,0.01394828240
51579982,SBD,0.02199548500
226930996,LUF,0.02460024206
100000000,MVR,0.01468635928
863112134,SDD,0.01998281797
788710417,TND,0.01125883063
68458093,DEM,0.01369712640
647645177,GNF,0.01426772173
68458093,KYD,0.02144591210
788710417,LAK,0.02115376462
51579982,STD,0.02924081519
411879298,CLF,0.01771838292
788710417,LVL,0.01624483156
226930996,DKK,0.01861172042
151914448,CVE,0.02483126983
226930996,SEK,0.02158630262
411879298,AZN,0.01774807580
51579982,USN,0.02697870115
200000000,LVL,0.01997788569
68458093,BZD,0.02856657810
51579982,LUF,0.02498775028
788710417,MAD,0.01000686941
788710417,ANG,0.01441881798
68458093,TMM,0.01146487853
151914448,MUR,0.01109686745
151914448,MOP,0.01326048708
200000000,LKR,0.02809085583
788710417,JOD,0.02155601851
68458093,TTD,0.01227039003
575351693,LAK,0.01418513705
575351693,CRC,0.01018352739
788710417,SDD,0.01413551505
68458093,MNT,0.01586707278
200000000,ERN,0.01600873075
200000000,BGN,0.02107115672
788710417,AFN,0.01820428031
68458093,SGD,0.02579838697
647645177,HUF,0.01775567873
68458093,CLF,0.01625389879
68458093,BEF,0.01461577294
226930996,ETB,0.01065234650
200000000,MOP,0.02172192361
100000000,KRW,0.01780348930
863112134,NOK,0.01152573805
68458093,GHC,0.01865710482
788710417,CNY,0.02876487607
647645177,MNT,0.02124014327
151914448,MXN,0.01390921219
863112134,ERN,0.02858042807
200000000,VEB,0.01575445122
575351693,CDF,0.01396480274
575351693,FRF,0.01245044132
647645177,YER,0.02336155425
575351693,KZT,0.01345485776
575351693,JOD,0.02190951305
788710417,LBP,0.02400225601
226930996,BDT,0.02164180827
647645177,LKR,0.02615928906
863112134,QAR,0.01027062869
226930996,RUB,0.02837212459
151914448,KES,0.02974777765
575351693,RSD,0.02966050599
863112134,COU,0.02858299711
226930996,FJD,0.02282410019
226930996,BAM,0.02515405354
647645177,LRD,0.02841222034
788710417,MZM,0.02798334254
575351693,DDM,0.02000662848
68458093,ZAR,0.01252184179
788710417,PTE,0.02031096060
151914448,TRL,0.02403043154
200000000,LUF,0.01860212242
100000000,DJF,0.02887239381
788710417,MGA,0.02263011625
788710417,CRC,0.01780305307
100000000,MNT,0.01685163188
51579982,EEK,0.01886944361
151914448,MTL,0.02283658011
51579982,CUP,0.02114891186
151914448,MGF,0.02548983962
647645177,CLF,0.01994056419
788710417,BBD,0.01697402306
51579982,XPF,0.01536255770
100000000,ITL,0.01118515716
68458093,GBP,0.02332806068
788710417,RWF,0.01257781682
226930996,BBD,0.01159321465
863112134,ALL,0.01710891325
863112134,CDF,0.01386576164
226930996,CHF,0.01276820295
226930996,COP,0.02097716265
68458093,ILS,0.02772060016
200000000,KGS,0.02562814449
647645177,AZN,0.02169197450
575351693,SGD,0.01287776729
226930996,MGA,0.01234510340
788710417,XPF,0.02095068875
68458093,UZS,0.01457573986
788710417,COP,0.02384775838
68458093,PGK,0.01581519309
100000000,UYU,0.02667331718
575351693,MDL,0.01676315889
100000000,KPW,0.01992707424
788710417,ZMK,0.02064001987
68458093,ERN,0.01854351412
68458093,MOP,0.01543285129
411879298,SLL,0.02397146169
863112134,KHR,0.02782417169
151914448,KPW,0.02384541610
100000000,HNL,0.02167538932
863112134,ITL,0.01855245675
151914448,AWG,0.01997851760
51579982,CAD,0.01595947935
863112134,GWP,0.01162927407
863112134,DKK,0.02357749160
68458093,MUR,0.01975550539
51579982,SYP,0.01224790640
51579982,KWD,0.02338265962
788710417,MXV,0.02829530631
68458093,CAD,0.02681724670
863112134,KRW,0.02771386978
411879298,IRR,0.02807359693
647645177,BHD,0.01452689017
863112134,SBD,0.01422948816
647645177,ILS,0.02645119565
788710417,QAR,0.02155606716
863112134,AZM,0.02661617662
51579982,HKD,0.01748076625
411879298,IDR,0.02489702268
68458093,DJF,0.02128589888
100000000,FKP,0.01397775105
200000000,BBD,0.02679208761
51579982,CSD,0.01670788714
647645177,MRO,0.01527780565
68458093,NOK,0.01027641253
788710417,SBD,0.02103769322
151914448,VND,0.01915117031
151914448,VEF,0.01119401072
863112134,HKD,0.02000057833
647645177,IDR,0.01079624591
68458093,NLG,0.01365053255
788710417,CSD,0.02983376409
68458093,VND,0.02881877777
51579982,BGN,0.01896843131
226930996,FRF,0.01049112105
647645177,TRL,0.02766594004
68458093,ADP,0.01894084365
68458093,BHD,0.01010748951
200000000,LYD,0.02028949185
51579982,BMD,0.01379064532
226930996,EEK,0.01806825211
51579982,XCD,0.01563306292
411879298,SYP,0.02313145773
788710417,STD,0.01147626490
51579982,SHP,0.01133952898
411879298,OMR,0.02838611153
788710417,MMK,0.02606024304
575351693,TTD,0.01870895545
411879298,KES,0.01624211583
68458093,SYP,0.01633945736
863112134,INR,0.01674118148
151914448,UAH,0.01931973055
647645177,GIP,0.02584271636
788710417,BSD,0.02772386438
647645177,SIT,0.02248516214
151914448,CAD,0.02297829476
151914448,LRD,0.01422474601
647645177,BGN,0.01270588007
51579982,TWD,0.01782380893
68458093,HKD,0.01442632207
411879298,PYG,0.01353873380
51579982,DKK,0.02975159324
151914448,PEN,0.01744729928
411879298,SZL,0.01802378893
647645177,BRL,0.01390040930
200000000,BRL,0.02178312229
788710417,MWK,0.01250715224
575351693,ECU,0.01534212171
100000000,CNY,0.01575013180
68458093,JPY,0.01466915661
200000000,VEF,0.02061179836
226930996,VUV,0.01270998261
200000000,AZN,0.01929407908
575351693,TWD,0.02675781294
100000000,SHP,0.02255694698
863112134,BBD,0.01222276666
411879298,EUR,0.01547551716
411879298,FRF,0.01331108860
68458093,GNF,0.02988081018
68458093,STD,0.01936374266
226930996,NOK,0.02958565735
226930996,HNL,0.02602451838
647645177,COP,0.01829161142
68458093,TRY,0.02530821887
647645177,HRK,0.01795209948
68458093,WST,0.02637859339
200000000,BOV,0.01616154378
51579982,TRL,0.01281224162
151914448,SVC,0.01660118912
575351693,CLP,0.02848561260
647645177,SKK,0.01564923560
647645177,CUP,0.01178601281
575351693,GYD,0.01865888936
151914448,SCR,0.02208977997
100000000,IEP,0.02523884509
100000000,EEK,0.01116241150
200000000,FIM,0.01399830202
788710417,TMM,0.01229972356
200000000,SVC,0.02556928276
647645177,UGX,0.02757931238
647645177,ZWD,0.01902466580
411879298,PEN,0.02755821991
647645177,UAH,0.01321274342
51579982,MNT,0.02441462001
411879298,CSD,0.02750264829
863112134,IEP,0.02811604674
68458093,NGN,0.02507506769
647645177,BSD,0.02490306382
863112134,JMD,0.01532775911
788710417,CHE,0.02095919310
863112134,ROL,0.02329816066
863112134,ETB,0.01996472299
68458093,IRR,0.01712405416
68458093,PAB,0.01405759708
647645177,GMD,0.02019045973
68458093,EEK,0.01849033602
200000000,QAR,0.01815684346
647645177,BWP,0.02310680763
151914448,FIM,0.01762099878
411879298,HRK,0.02298300893
151914448,WST,0.02253974591
100000000,NAD,0.02768578669
863112134,NLG,0.01616454323
100000000,PAB,0.02729397403
226930996,SDD,0.01432239211
200000000,SBD,0.02447672816
151914448,LAK,0.01422667792
51579982,MYR,0.01383256145
100000000,HTG,0.01668471428
151914448,AED,0.01801417195
863112134,MRO,0.02389969020
788710417,DDM,0.01999211305
51579982,IDR,0.01452728922
100000000,TOP,0.01691182653
51579982,MGF,0.01436959920
647645177,TRY,0.01182876966
100000000,SCR,0.02734373008
863112134,DZD,0.01009047261
411879298,DZD,0.02918948859
200000000,USS,0.02838020137
788710417,CLF,0.02347902950
226930996,NZD,0.02736414939
200000000,PHP,0.02307930706
863112134,MTL,0.01309710705
151914448,TTD,0.02686494770
151914448,IRR,0.02987273122
863112134,BIF,0.01897565871
51579982,DEM,0.02347077517
788710417,SIT,0.01926994189
151914448,NOK,0.02976136788
575351693,UGX,0.01511816806
151914448,DKK,0.01206720866
788710417,GRD,0.02581192728
200000000,MWK,0.02739788351
575351693,HNL,0.01313679174
51579982,TZS,0.02381225625
51579982,KRW,0.02037683678
647645177,TMM,0.02070011899
100000000,LKR,0.01222165114
226930996,GIP,0.01296966461
647645177,CAD,0.01709393043
575351693,SBD,0.02225345406
226930996,GRD,0.01307815693
411879298,DDM,0.02720311158
51579982,SDD,0.01450219769
863112134,IQD,0.02120737948
788710417,PKR,0.02548242324
647645177,BOB,0.01359561745
863112134,TRL,0.01244758422
100000000,TMM,0.02231188652
226930996,CZK,0.01545101133
100000000,KMF,0.02960863331
151914448,LSL,0.02338144178
51579982,RUB,0.01438712514
100000000,LSL,0.02638852743
151914448,MZM,0.01789837536
647645177,TND,0.02639995202
863112134,MOP,0.02412327230
788710417,HNL,0.01059628860
863112134,MXV,0.01906718721
863112134,SGD,0.01055766452
100000000,QAR,0.01622211891
411879298,QAR,0.01729797765
575351693,GIP,0.01932256744
411879298,VND,0.01100617144
200000000,TRY,0.02761847845
200000000,AMD,0.01411990724
647645177,NPR,0.02461697289
51579982,QAR,0.02236020306
51579982,SOS,0.02080374526
226930996,NIO,0.02347014950
411879298,DKK,0.02674234576
51579982,SZL,0.01266297538
647645177,PHP,0.01110816598
151914448,XCD,0.01797268685
788710417,VND,0.02749318979
411879298,SGD,0.01556190268
647645177,ISK,0.01276292112
100000000,MGA,0.01603109598
863112134,LAK,0.01942128055
200000000,ECU,0.02712768129
200000000,SCR,0.01193789463
863112134,MWK,0.02289779845
411879298,LKR,0.01161120981
411879298,BYR,0.02183793490
575351693,ANG,0.01493554557
51579982,MXV,0.02603928864
411879298,KWD,0.01621288434
647645177,SOS,0.02857738942
51579982,HUF,0.02418666033
226930996,JMD,0.02509028754
788710417,GMD,0.02295387868
863112134,DEM,0.02411039670
788710417,VEB,0.01307588542
575351693,BWP,0.02486264009
200000000,GNF,0.02561430298
51579982,TJS,0.01276454873
575351693,KYD,0.02150296063
575351693,MUR,0.01087572035
647645177,SGD,0.01196559221
647645177,CZK,0.01651587835
411879298,TOP,0.01583237788
575351693,ZMK,0.02538645215
411879298,AMD,0.02654654515
863112134,NIO,0.02519263929
200000000,MZM,0.02242895583
151914448,BTN,0.01605101182
151914448,BBD,0.01183340233
200000000,IRR,0.02267690181
863112134,BOV,0.02987529392
575351693,IRR,0.01581855490
200000000,TZS,0.02375096233
863112134,CAD,0.01662386969
863112134,GBP,0.01317774346
226930996,HUF,0.02819322548
863112134,ZMK,0.02108134946
575351693,SOS,0.01339765301
226930996,DZD,0.01984065421
863112134,AWG,0.01126480418
151914448,LBP,0.02143674893
647645177,BIF,0.02501570676
863112134,TMM,0.02178393653
788710417,BND,0.02802530191
575351693,MNT,0.02476403327
788710417,CAD,0.02580975309
411879298,THB,0.02640765794
200000000,BYR,0.02146641025
863112134,CHW,0.02350630254
100000000,YER,0.01802570377
788710417,HUF,0.01063836610
647645177,PKR,0.02631747443
788710417,SVC,0.02398218174
575351693,GEL,0.01319540622
151914448,INR,0.01783410862
411879298,AWG,0.02214508268
226930996,BEF,0.02256372400
863112134,WST,0.01413821014
647645177,CNY,0.01676671597
647645177,MXV,0.02722541749
151914448,CSD,0.01629889224
788710417,ILS,0.01301846621
200000000,ZMK,0.02909640889
575351693,SKK,0.01882284023
411879298,NAD,0.02239874121
151914448,KWD,0.02756890303
575351693,ETB,0.01118461133
788710417,ETB,0.02945855198
200000000,ADP,0.02623463343
151914448,CHF,0.01232075793
788710417,TJS,0.01724479636
863112134,HUF,0.02650252796
226930996,MXN,0.01828294594
647645177,PEN,0.02559253614
863112134,GYD,0.02075746729
226930996,LVL,0.02407220956
200000000,THB,0.02672828887
863112134,LBP,0.02871251860
575351693,MXN,0.01287099334
863112134,MGF,0.01341380908
788710417,SRD,0.01798142932
226930996,KMF,0.01594828990
863112134,BSD,0.02678435916
788710417,AZN,0.02721874879
200000000,SYP,0.02549439332
151914448,PKR,0.02070175102
788710417,YER,0.01675072578
647645177,MUR,0.02040036643
647645177,MZM,0.02299432228
647645177,IQD,0.01281040811
411879298,STD,0.02194131033
647645177,KMF,0.02615197409
151914448,BWP,0.02581205576
788710417,WST,0.01415887463
411879298,MXN,0.02746722185
411879298,LYD,0.01661291517
226930996,IRR,0.01501227804
863112134,NGN,0.01873150866
411879298,GWP,0.01144722638
200000000,PLN,0.02671733405
863112134,HNL,0.01871130625
647645177,EUR,0.01805868430
788710417,BTN,0.01640077608
226930996,LSL,0.02750866827
575351693,HRK,0.01648905480
151914448,BND,0.01231116115
411879298,ADP,0.02196041868
411879298,FIM,0.01814171870
863112134,ZAR,0.01599900378
226930996,BWP,0.02341102118
863112134,LSL,0.02634230497
151914448,CLF,0.02405774911
151914448,SDD,0.01821986383
151914448,ESP,0.01253323974
575351693,IDR,0.01642659324
863112134,SAR,0.01857592618
575351693,DJF,0.02362090498
575351693,HTG,0.02706537720
226930996,PAB,0.01351599941
226930996,MVR,0.01551670582
151914448,AMD,0.01742159005
151914448,BEF,0.02592250668
226930996,BOB,0.01786070729
411879298,NPR,0.01784090129
226930996,LAK,0.01220127282
226930996,KES,0.01029613355
647645177,DJF,0.02980587676
226930996,CYP,0.01375715915
151914448,RWF,0.02527900351
411879298,TRY,0.01029847914
411879298,BDT,0.01042819887
411879298,KHR,0.01223638850
575351693,ALL,0.02151701759
647645177,PYG,0.02674615470
647645177,WST,0.01671993054
411879298,TND,0.02305932717
575351693,PTE,0.02413524506
151914448,DDM,0.01169128740
575351693,VND,0.02368479743
575351693,GWP,0.02019916271
575351693,RON,0.01210918216
411879298,MUR,0.02325282231
575351693,SYP,0.01161602674
411879298,PHP,0.02155497121
575351693,BAM,0.01083340497
151914448,RUB,0.01876184827
575351693,BND,0.01504054574
647645177,LVL,0.02206130691
151914448,STD,0.02537308378
575351693,MZM,0.02490089159
575351693,PLN,0.01175249788
647645177,MWK,0.01762115564
575351693,GNF,0.02388287840
151914448,LVL,0.02311322550
575351693,SVC,0.02567227071
411879298,MOP,0.01845136083
575351693,CNY,0.01882419646
647645177,KGS,0.01227468864
411879298,TTD,0.02261116200
575351693,LTL,0.02060649717
575351693,IEP,0.02014374024
411879298,TWD,0.01745611696
575351693,RWF,0.02679591812
575351693,USN,0.01379293006
575351693,XOF,0.02301061726
575351693,NLG,0.01573600956
575351693,ATS,0.02049455780
575351693,AMD,0.02926218396
411879298,LTL,0.01488952569
411879298,UAH,0.01213823369
411879298,SAR,0.02099664009
411879298,USS,0.02213076286